Serum;SRMuApVNdxXokk5GT7XD5cUUgXMBCoAz2LHeuAoKWRt;SRMUSD
Polis;poLisWXnNRwC6oBu1vHiuKQzFjGL4XDSu4g9qjz9qVk;POLISUSD
Saber;Saber2gLauYim4Mvftnrasomsv6NvAuncvMEZwcLpD1;SBRUSD
Step;StepAscQoEioFxxWGnh2sLBDFp9d8rvKz2Yp39iDpyT;STEPUSD
Honey;4vMsoUT2BWatFweudnQM1xedRLfJgJ7hswhcpz4xgBTy;HONEYUSD
Tremp;FU1q8vJpZNUrmqsciSjp8bAKKidGsLmouB8CBdf8TKQv;TREMPUSD
Boden;3psH1Mj1f7yUfaD5gh6Zj7epE8hhrMkMETgv5TshQA4o;BODENUSD
Oxy;z3dn17yLaGMKffVogeFHQ9zWVcXgqgf3PQnDsNs2g6M;OXYUSD
Gari;CKaKtYvz6dKPyMvYq9Rh3UBrnNqYZAyd7iF4hJtjUvks;GARIUSD
Atlas;ATLASXmbPQxBUYbxPsV97usA3fPQYEqzQBUHgiFCUsXx;ATLASUSD
